,city,lat,long,max temp,humidity,cloudiness,wind speed,country,date
0,Bluff,-46.6,168.3333,58.69,73,60,5.59,NZ,1609884688
1,Hobart,-42.8794,147.3294,64.99,55,40,14.99,AU,1609884644
2,Sioux Lookout,50.1001,-91.917,23.0,85,90,3.36,CA,1609884688
3,Mataura,-46.1927,168.8643,65.61,59,63,4.0,NZ,1609884688
4,New Norfolk,-42.7826,147.0587,64.99,58,59,3.0,AU,1609884688
5,Upernavik,72.7868,-56.1549,7.59,93,100,15.1,GL,1609884689
6,Kiryat Gat,31.61,34.7642,62.01,73,0,1.9,IL,1609884662
7,Westport,41.1415,-73.3579,41.0,60,90,9.17,US,1609884512
8,Punta Arenas,-53.15,-70.9167,60.8,44,75,25.28,CL,1609884689
9,Ushuaia,-54.8,-68.3,57.2,50,75,13.87,AR,1609884548
10,Kavaratti,10.5669,72.642,82.11,75,99,7.05,IN,1609884689
11,Salinópolis,-0.6136,-47.3561,81.0,76,5,12.1,BR,1609884689
12,Hithadhoo,-0.6,73.0833,82.44,78,62,15.93,MV,1609884689
13,Necochea,-38.5473,-58.7368,62.01,94,100,18.77,AR,1609884689
14,Hermanus,-34.4187,19.2345,60.01,91,2,2.17,ZA,1609884689
15,Norman Wells,65.282,-126.8329,-18.4,75,40,3.36,CA,1609884689
16,Manyoni,-5.7467,34.8382,63.84,87,100,0.72,TZ,1609884689
17,Skibbereen,51.55,-9.2667,33.8,86,20,9.17,IE,1609884689
18,East London,-33.0153,27.9116,71.33,83,91,12.19,ZA,1609884689
19,Busselton,-33.65,115.3333,60.01,77,20,3.0,AU,1609884690
20,Bukachacha,52.9833,116.9167,-20.96,73,26,4.47,RU,1609884690
21,Pangnirtung,66.1451,-65.7125,5.0,77,90,5.82,CA,1609884690
22,Souillac,-20.5167,57.5167,77.0,83,40,5.82,MU,1609884690
23,Maniwaki,46.3834,-75.966,30.2,80,99,5.82,CA,1609884414
24,Rikitea,-23.1203,-134.9692,77.02,76,0,13.06,PF,1609884690
25,Faya,18.3851,42.4509,57.2,100,0,2.48,SA,1609884690
26,Severo-Kuril'sk,50.6789,156.125,15.6,88,84,4.0,RU,1609884408
27,Vardø,70.3705,31.1107,23.0,85,75,21.92,NO,1609884690
28,Duku,11.2361,4.9073,82.38,15,0,8.34,NG,1609884690
29,Saldanha,-33.0117,17.9442,64.4,82,0,10.29,ZA,1609884690
30,Ntoum,0.3833,9.7833,82.4,83,40,6.93,GA,1609884690
31,Port Elizabeth,-33.918,25.5701,69.8,83,58,3.36,ZA,1609884691
32,Pāli,25.7667,73.3333,54.01,61,0,4.99,IN,1609884691
33,Saint George,37.1041,-113.5841,59.0,26,1,3.36,US,1609884562
34,Provideniya,64.3833,-173.3,-2.29,83,0,9.13,RU,1609884691
35,Torbay,47.6666,-52.7314,37.0,100,90,20.8,CA,1609884691
36,Maungatapere,-35.75,174.2,77.65,41,85,2.44,NZ,1609884691
37,Chokurdakh,70.6333,147.9167,-13.0,90,100,10.56,RU,1609884691
38,Saint-Augustin,51.226,-58.6502,23.76,93,61,11.83,CA,1609884691
39,Namatanai,-3.6667,152.4333,76.35,90,100,5.61,PG,1609884691
40,Samarai,-10.6167,150.6667,84.13,78,93,9.95,PG,1609884691
41,Passo Fundo,-28.2628,-52.4067,65.68,98,100,7.25,BR,1609884692
42,Cape Town,-33.9258,18.4232,68.0,88,20,16.11,ZA,1609884692
43,Rodeo,38.033,-122.2669,57.0,71,20,8.05,US,1609884692
44,Redwater,33.3582,-94.2544,60.8,31,1,4.7,US,1609884692
45,Stann Creek Town,16.9692,-88.2321,80.6,88,40,6.93,BZ,1609884692
46,Sitka,57.0531,-135.33,41.0,86,90,32.21,US,1609884692
47,Oiã,40.5426,-8.5386,37.0,86,0,4.12,PT,1609884692
48,Butaritari,3.0707,172.7902,81.59,74,22,21.3,KI,1609884692
49,Puerto Ayora,-0.7393,-90.3518,82.4,58,0,11.41,EC,1609884693
50,Elblag,54.1522,19.4088,32.0,95,90,11.41,PL,1609884693
51,Berlevåg,70.8578,29.0864,33.8,80,75,13.87,NO,1609884693
52,Nome,64.5011,-165.4064,5.0,77,90,3.36,US,1609884693
53,Cherskiy,68.75,161.3,-20.29,87,100,10.94,RU,1609884693
54,Chapais,49.7834,-74.8492,17.6,92,90,2.24,CA,1609884693
55,Wanning,18.8003,110.3967,66.69,75,100,8.28,CN,1609884693
56,Bushehr,28.9684,50.8385,60.8,93,13,9.17,IR,1609884693
57,Jamestown,42.097,-79.2353,33.01,98,90,5.82,US,1609884693
58,Estremoz,38.8443,-7.5859,36.0,96,0,5.26,PT,1609884693
59,Oranjemund,-28.55,16.4333,61.36,91,19,9.64,NA,1609884693
60,Bathsheba,13.2167,-59.5167,80.6,65,40,16.11,BB,1609884693
61,Albany,42.6001,-73.9662,34.0,81,97,2.91,US,1609884560
62,Makakilo City,21.3469,-158.0858,80.6,57,75,9.17,US,1609884694
63,Najrān,17.4924,44.1277,59.0,41,0,2.01,SA,1609884694
64,Mahébourg,-20.4081,57.7,77.0,83,40,5.82,MU,1609884694
65,Ribeira Grande,38.5167,-28.7,57.2,93,75,27.51,PT,1609884694
66,Okhansk,57.7186,55.3877,12.2,85,75,8.95,RU,1609884694
67,Lompoc,34.6391,-120.4579,68.0,48,1,10.29,US,1609884449
68,High Level,58.5169,-117.136,1.4,91,90,4.7,CA,1609884694
69,Balclutha,-46.2339,169.75,61.0,76,5,5.99,NZ,1609884694
70,Abadan,38.0507,58.2056,26.6,100,90,4.7,TM,1609884694
71,Belaya Gora,68.5333,146.4167,-26.07,84,16,7.25,RU,1609884694
72,Avarua,-21.2078,-159.775,84.2,74,49,14.99,CK,1609884694
73,Iqaluit,63.7506,-68.5145,6.01,84,90,3.36,CA,1609884694
74,Arraial do Cabo,-22.9661,-42.0278,82.4,74,40,11.41,BR,1609884694
75,Tasiilaq,65.6145,-37.6368,19.4,52,40,12.75,GL,1609884694
76,Hamilton,39.1834,-84.5333,36.0,74,90,5.82,US,1609884491
77,Hilo,19.7297,-155.09,80.6,61,1,8.05,US,1609883947
78,Itarema,-2.9248,-39.9167,80.51,75,0,15.39,BR,1609884695
79,Erenhot,43.6475,111.9767,-21.53,84,57,11.21,CN,1609884695
80,Yar-Sale,66.8333,70.8333,-13.52,88,27,13.91,RU,1609884695
81,Natitingou,10.3042,1.3796,77.0,33,0,4.7,BJ,1609884695
82,Cap Malheureux,-19.9842,57.6142,73.99,86,14,4.0,MU,1609884695
83,Babol,36.5513,52.679,42.96,77,22,3.4,IR,1609884522
84,Tiksi,71.6872,128.8694,-23.26,85,100,13.62,RU,1609884695
85,Cidreira,-30.1811,-50.2056,72.23,90,100,7.54,BR,1609884695
86,Portree,57.4129,-6.1942,33.01,84,57,0.81,GB,1609884696
87,Qaanaaq,77.484,-69.3632,2.5,81,100,6.58,GL,1609884696
88,Kapaa,22.0752,-159.319,78.8,69,40,14.99,US,1609884696
89,Tamalín,21.35,-97.8,71.98,79,84,4.74,MX,1609884696
90,Broken Hill,-31.95,141.4333,60.8,67,58,18.34,AU,1609884696
91,Airai,-8.9266,125.4092,62.15,100,100,0.87,TL,1609884696
92,Sørland,67.667,12.6934,43.81,88,100,18.63,NO,1609884696
93,Saskylakh,71.9167,114.0833,-2.06,90,97,14.65,RU,1609884696
94,Pasni,25.2631,63.471,60.33,35,0,25.03,PK,1609884696
95,Pringsewu,-5.3582,104.9744,73.62,93,84,1.03,ID,1609884696
96,Bredasdorp,-34.5322,20.0403,59.0,82,1,3.36,ZA,1609884696
97,Aras,42.5617,-2.356,35.6,98,90,8.05,ES,1609884696
98,Carnarvon,-24.8667,113.6333,77.0,69,75,9.17,AU,1609884696
99,Atuona,-9.8,-139.0333,77.31,77,25,16.02,PF,1609884697
100,Kahului,20.8947,-156.47,82.4,54,40,16.11,US,1609884447
101,Klaksvík,62.2266,-6.589,44.6,93,100,12.75,FO,1609884697
102,Thompson,55.7435,-97.8558,6.8,84,90,4.7,CA,1609884697
103,Kandrian,-6.2167,149.55,82.85,77,96,3.67,PG,1609884697
104,Katobu,-4.9408,122.5276,75.69,90,100,3.04,ID,1609884697
105,Imbituba,-28.24,-48.6703,78.8,83,75,9.17,BR,1609884436
106,Ponta do Sol,32.6667,-17.1,64.4,77,40,3.36,PT,1609884697
107,Kabanjahe,3.1001,98.4908,75.2,100,40,3.36,ID,1609884697
108,Hasaki,35.7333,140.8333,41.0,86,75,13.87,JP,1609884697
109,Lüderitz,-26.6481,15.1594,68.0,82,61,13.87,NA,1609884697
110,São Raimundo das Mangabeiras,-7.0219,-45.4811,80.65,66,45,5.08,BR,1609884697
111,Saint-Philippe,-21.3585,55.7679,77.0,73,90,5.82,RE,1609884697
112,Ivanivka,46.7208,34.553,41.4,91,100,8.08,UA,1609884698
113,Touros,-5.1989,-35.4608,78.8,78,20,10.29,BR,1609884698
114,Bandarbeyla,9.4942,50.8122,73.04,68,1,18.48,SO,1609884698
115,Dikson,73.5069,80.5464,16.79,96,100,26.04,RU,1609884698
116,Magistral'nyy,56.1725,107.4458,-27.94,83,100,5.12,RU,1609884698
117,Béré,9.3202,16.1552,75.96,19,0,2.91,TD,1609884698
118,Tromsø,69.6496,18.957,41.0,80,75,25.28,NO,1609884698
119,Inta,66.0317,60.1659,1.04,91,24,4.27,RU,1609884698
120,Belokurikha,51.9959,84.9896,-7.29,81,0,2.48,RU,1609884698
121,Labuhan,-6.8844,112.2051,76.55,88,100,6.6,ID,1609884469
122,Hastings,50.8552,0.5729,39.0,90,100,4.0,GB,1609884699
123,Esperance,-33.8667,121.9,55.4,71,90,6.93,AU,1609884699
124,Margate,51.3813,1.3862,43.0,72,100,1.99,GB,1609884699
125,Anito,12.4497,125.2886,77.99,87,98,9.64,PH,1609884699
126,Derzhavīnsk,51.1,66.3167,-9.8,88,4,9.24,KZ,1609884699
127,Codrington,-38.2667,141.9667,57.52,76,99,13.85,AU,1609884586
128,Langsa,4.4683,97.9683,73.26,97,100,3.29,ID,1609884699
129,Inhambane,-23.865,35.3833,78.35,82,42,7.7,MZ,1609884700
130,Ust-Nera,64.5667,143.2,-19.91,77,100,2.71,RU,1609884700
131,Vaini,-21.2,-175.2,80.6,94,75,10.29,TO,1609884700
132,Pisco,-13.7,-76.2167,77.0,73,0,18.34,PE,1609884700
133,Sistranda,63.7256,8.834,28.4,74,0,13.87,NO,1609884700
134,Ola,59.5833,151.2833,-14.01,79,29,9.95,RU,1609884700
135,Bethel,41.3712,-73.414,36.0,85,98,3.94,US,1609884700
136,Lata,40.1629,-8.3327,42.01,86,0,2.24,PT,1609884700
137,Rawson,-43.3002,-65.1023,71.08,37,0,19.13,AR,1609884648
138,Sydney,-33.8679,151.2073,71.01,83,75,13.87,AU,1609884499
139,Constitución,-35.3333,-72.4167,63.48,61,4,14.41,CL,1609884475
140,Santoña,43.4439,-3.4576,41.0,100,40,1.12,ES,1609884700
141,Port Lincoln,-34.7333,135.8667,60.15,68,100,16.71,AU,1609884700
142,Yellowknife,62.456,-114.3525,-8.0,76,75,14.99,CA,1609884516
143,Fairbanks,64.8378,-147.7164,0.0,76,20,2.24,US,1609884700
144,Zwedru,6.0667,-8.1281,74.01,91,56,2.98,LR,1609884701
145,Lebu,-37.6167,-73.65,59.34,75,0,20.94,CL,1609884701
146,Boissevain,49.2306,-100.0559,33.01,92,1,4.7,CA,1609884701
147,Elgin,42.0373,-88.2812,30.99,92,90,4.7,US,1609884701
148,Kavieng,-2.5744,150.7967,81.12,80,100,8.19,PG,1609884701
149,Vestmannaeyjar,63.4427,-20.2734,38.73,76,100,17.43,IS,1609884701
150,Pevek,69.7008,170.3133,-13.74,90,100,7.43,RU,1609884701
151,Meulaboh,4.1363,96.1285,77.38,85,84,4.09,ID,1609884471
152,Evensk,61.95,159.2333,-13.14,78,8,7.96,RU,1609884701
153,Longyearbyen,78.2186,15.6401,21.2,73,90,13.87,SJ,1609884701
154,Vao,-22.6667,167.4833,77.77,82,100,22.97,NC,1609884701
155,Khatanga,71.9667,102.5,-0.8,93,100,21.88,RU,1609884702
156,Qui Nhon,13.7667,109.2333,73.76,87,100,19.08,VN,1609884702
157,Umluj,25.0213,37.2685,74.52,63,0,8.01,SA,1609884702
158,Castro,-24.7911,-50.0119,67.59,93,99,3.06,BR,1609884551
159,Mlandizi,-6.7,38.7333,80.6,83,20,13.87,TZ,1609884702
160,Geraldton,-28.7667,114.6,77.0,23,26,20.8,AU,1609884702
161,Anadyr,64.75,177.4833,-14.8,75,20,8.95,RU,1609884702
162,Leningradskiy,69.3833,178.4167,-9.65,87,100,14.09,RU,1609884702
163,Barrow,71.2906,-156.7887,-18.4,75,75,5.82,US,1609884702
164,Fuzhou,26.0614,119.3061,51.8,71,75,17.9,CN,1609884644
165,Senador José Porfírio,-2.5908,-51.9542,79.63,78,100,4.43,BR,1609884702
166,Qingdao,36.0986,120.3719,23.0,85,0,4.47,CN,1609884702
167,Mildura,-34.2,142.15,59.0,67,90,11.41,AU,1609884703
168,Rupea,46.0333,25.2167,35.01,87,93,2.91,RO,1609884703
169,Luba,3.4568,8.5547,80.6,83,20,5.82,GQ,1609884703
170,Alice Springs,-23.7,133.8833,69.8,43,53,14.99,AU,1609884704
171,Port Macquarie,-31.4333,152.9167,79.0,71,4,1.01,AU,1609884704
172,Monrovia,6.3005,-10.7969,77.0,94,40,8.97,LR,1609884704
173,Bengkulu,-3.8004,102.2655,75.63,89,69,6.2,ID,1609884704
174,Kemijärvi,66.7131,27.4306,8.42,95,51,3.96,FI,1609884704
175,Fort Frances,48.5999,-93.4003,25.0,79,90,4.7,CA,1609884704
176,Grindavik,63.8424,-22.4338,35.6,80,75,12.75,IS,1609884704
177,Fortuna,40.5982,-124.1573,57.99,54,75,17.22,US,1609884704
178,Vanavara,60.34,102.2797,-12.21,89,100,4.99,RU,1609884704
179,Cibitoke Province,-2.8833,29.25,61.11,92,88,3.22,BI,1609884704
180,Ţahţā,26.7693,31.5021,57.2,76,0,5.82,EG,1609884704
181,Katsuura,35.1333,140.3,42.8,87,75,14.99,JP,1609884704
182,San Cristobal,7.7669,-72.225,82.4,61,40,8.05,VE,1609884704
183,Ostrovnoy,68.0531,39.5131,15.48,95,54,23.31,RU,1609884704
184,Harindānga,22.0383,88.3214,64.4,88,31,5.48,IN,1609884704
185,Suntar,62.1444,117.6319,-24.2,84,100,8.66,RU,1609884705
186,Tombouctou,20.0,-3.0,69.19,21,45,5.53,ML,1609884705
187,Chadiza,-14.0678,32.4392,66.99,95,97,1.63,ZM,1609884705
188,Brazzaville,-4.2658,15.2832,82.4,78,20,5.82,CG,1609884705
189,Flin Flon,54.7682,-101.865,19.4,79,90,4.7,CA,1609884705
190,Arkhangelsk,64.5401,40.5433,17.6,92,90,2.24,RU,1609884705
191,Lagoa,39.05,-27.9833,58.33,80,100,41.38,PT,1609884705
192,Mar del Plata,-38.0023,-57.5575,68.0,88,90,16.11,AR,1609884529
193,Lavrentiya,65.5833,-171.0,-11.78,83,7,13.31,RU,1609884705
194,Zaysan,47.4667,84.8667,-16.19,82,80,2.15,KZ,1609884705
195,Nikolskoye,59.7035,30.7861,28.4,86,90,8.95,RU,1609884705
196,Guerrero Negro,27.9769,-114.0611,69.82,42,84,9.8,MX,1609884705
197,Oksbøl,55.6268,8.2876,35.01,86,100,11.41,DK,1609884706
198,Bambous Virieux,-20.3428,57.7575,77.0,83,40,5.82,MU,1609884706
199,Kilindoni,-7.9139,39.6668,81.63,78,54,16.96,TZ,1609884706
200,Olinda,-8.0089,-34.8553,78.8,69,40,10.29,BR,1609884406
201,Zhigansk,66.7697,123.3711,-39.15,80,100,11.03,RU,1609884706
202,Nara,34.6851,135.8049,41.0,75,75,3.36,JP,1609884553
203,Avera,33.194,-82.5271,60.8,38,40,12.75,US,1609884706
204,Reshetylivka,49.565,34.0782,31.42,96,91,9.62,UA,1609884706
205,Brae,60.3964,-1.353,42.8,87,90,9.17,GB,1609884706
206,Omsukchan,62.5333,155.8,-30.8,81,99,3.85,RU,1609884706
207,Sinnamary,5.3833,-52.95,79.03,84,99,9.57,GF,1609884706
208,Ponta Delgada,37.7333,-25.6667,55.4,82,75,19.46,PT,1609884676
209,Hualmay,-11.0964,-77.6139,71.28,80,87,8.7,PE,1609884706
210,Uray,60.1247,64.7758,-15.84,88,0,5.99,RU,1609884706
211,Breytovo,58.2993,37.8617,23.65,98,99,3.42,RU,1609884706
212,Ancud,-41.8697,-73.8203,68.0,52,0,8.05,CL,1609884706
213,Warri,5.5167,5.75,78.17,89,35,3.78,NG,1609884707
214,Vila Franca do Campo,37.7167,-25.4333,55.4,82,75,19.46,PT,1609884707
215,Chake Chake,-5.2459,39.7666,77.74,83,0,9.89,TZ,1609884707
216,Ivanjica,43.5803,20.2311,42.8,75,0,5.82,RS,1609884707
217,Ahipara,-35.1667,173.1667,73.94,56,92,2.06,NZ,1609884707
218,Valparaíso,-33.0393,-71.6273,66.0,63,0,11.41,CL,1609884575
219,Birao,10.2849,22.7882,71.62,22,0,6.53,CF,1609884707
220,Gaza,31.5,34.4667,62.01,100,20,3.36,PS,1609884707
221,Kysyl-Syr,63.8986,122.7617,-29.67,84,100,3.49,RU,1609884707
222,Cabo San Lucas,22.8909,-109.9124,75.0,46,75,8.05,MX,1609884465
223,Raja,8.4596,25.678,71.85,27,0,4.38,SS,1609884707
224,Santa Rosa,14.3122,121.1114,75.2,88,20,8.19,PH,1609884624
225,Inongo,-1.95,18.2667,74.71,83,7,5.39,CD,1609884707
226,Igarka,67.4667,86.5833,-15.18,89,100,10.67,RU,1609884708
227,Saint-Prosper,46.2117,-70.4811,24.8,79,100,5.82,CA,1609884708
228,Isiro,2.7739,27.616,70.05,73,48,1.23,CD,1609884708
229,Muros,42.7762,-9.0603,35.01,96,3,1.99,ES,1609884708
230,St Johann im Pongau,47.35,13.2,26.01,92,100,1.57,AT,1609884708
231,Ayamé,5.6083,-3.1563,75.47,92,100,4.14,CI,1609884708
232,Tessalit,20.1986,1.0114,67.95,21,98,8.12,ML,1609884708
233,Itoman,26.1247,127.6694,59.0,87,75,12.75,JP,1609884487
234,Kruisfontein,-34.0033,24.7314,69.01,86,57,4.72,ZA,1609884708
235,Huilong,31.8111,121.655,41.0,71,81,10.51,CN,1609884708
236,Zemio,5.0314,25.1361,72.7,40,26,2.39,CF,1609884708
237,Husavik,66.0449,-17.3389,33.8,74,75,8.05,IS,1609884709
238,Zapolyarnyy,69.4154,30.8136,15.8,85,75,18.34,RU,1609884709
239,Lumeje,-11.55,20.7833,66.31,86,89,2.37,AO,1609884709
240,Hofn,64.2539,-15.2082,37.44,84,100,8.3,IS,1609884709
241,Narsaq,60.9167,-46.05,23.0,49,20,8.05,GL,1609884709
242,Tallahassee,30.4383,-84.2807,64.4,34,1,13.87,US,1609884709
243,Nanortalik,60.1432,-45.2371,26.04,90,0,6.02,GL,1609884709
244,Gamba,-2.65,10.0,78.03,90,99,8.88,GA,1609884709
245,Shingū,33.7333,135.9833,40.05,75,99,5.5,JP,1609884709
246,George Town,5.4112,100.3354,77.0,94,40,6.93,MY,1609884709
247,Chifeng,42.2683,118.9636,-11.54,75,0,16.35,CN,1609884709
248,Sisimiut,66.9395,-53.6735,12.7,94,100,16.73,GL,1609884709
249,Batemans Bay,-35.7167,150.1833,69.01,97,21,3.0,AU,1609884709
250,Grand-Santi,4.25,-54.3833,74.48,95,76,3.29,GF,1609884709
251,Saint-Pierre,-21.3393,55.4781,77.0,73,90,5.82,RE,1609884709
252,Fernández,-27.9204,-63.8935,87.31,44,100,6.13,AR,1609884710
253,Iracoubo,5.4802,-53.2011,79.23,84,100,9.35,GF,1609884710
254,Tipuani,-15.5648,-68.0185,71.94,86,100,1.79,BO,1609884710
255,Hong Kong,22.2855,114.1577,62.01,71,66,1.01,HK,1609884589
256,St Austell,50.3383,-4.7658,37.4,74,10,13.87,GB,1609884710
257,Yanam,16.7333,82.2167,73.71,82,96,6.13,IN,1609884710
258,Nouadhibou,20.931,-17.0347,68.0,82,100,11.41,MR,1609884710
259,Clarence Town,-32.5833,151.7833,73.99,83,75,12.75,AU,1609884710
260,Mogadishu,2.0371,45.3438,76.44,72,63,23.73,SO,1609884710
261,Port Augusta,-32.5,137.7667,62.6,63,90,17.22,AU,1609884710
262,Saint Anthony,45.0205,-93.218,33.8,69,1,3.74,US,1609884710
263,Poum,-20.2333,164.0167,82.33,79,54,4.59,NC,1609884710
264,Pedasí,7.5333,-80.0333,81.55,71,77,11.14,PA,1609884711
265,Maputo,-25.9653,32.5892,80.6,88,20,9.17,MZ,1609884711
266,Manado,1.487,124.8455,75.2,94,20,1.97,ID,1609884711
267,Faanui,-16.4833,-151.75,81.3,75,14,12.97,PF,1609884711
268,Tuktoyaktuk,69.4541,-133.0374,-16.6,75,75,3.36,CA,1609884711
269,Port Alfred,-33.5906,26.891,70.0,90,92,9.01,ZA,1609884711
270,Miracema do Tocantins,-9.5618,-48.3967,82.26,60,30,2.35,BR,1609884711
271,Ukiah,39.1502,-123.2078,55.0,66,1,3.36,US,1609884491
272,Bac Lieu,9.285,105.7244,75.06,88,95,10.76,VN,1609884711
273,Henties Bay,-22.116,14.2845,69.01,90,97,1.99,NA,1609884711
274,Fayaoué,-20.65,166.5333,81.59,83,98,20.31,NC,1609884711
275,Marabu,4.4148,114.0089,73.4,100,40,2.24,MY,1609884711
276,Sarangani,5.4033,125.4636,78.76,85,100,7.99,PH,1609884712
277,Lingao,19.9103,109.6859,65.86,59,100,10.85,CN,1609884712
278,Bratsk,56.1325,101.6142,-14.8,68,100,8.95,RU,1609884712
279,Baykal'sk,51.5058,104.1469,-3.84,88,100,8.12,RU,1609884712
280,Yuncheng,35.0231,110.9928,23.07,69,0,4.38,CN,1609884712
281,Cape Coast,5.1053,-1.2466,80.29,84,96,12.55,GH,1609884712
282,Socorro,31.6546,-106.3033,64.4,18,90,12.75,US,1609884712
283,Ulaangom,49.9811,92.0667,-27.71,79,0,0.94,MN,1609884712
284,Chui,-33.6971,-53.4616,73.26,82,79,16.84,UY,1609884713
285,Ust'-Uda,54.1742,103.0304,-7.96,90,100,3.4,RU,1609884713
286,Egvekinot,66.3167,-179.1667,-15.83,90,69,4.85,RU,1609884668
287,Vilyuysk,63.7553,121.6247,-27.9,85,100,5.06,RU,1609884713
288,Antalaha,-14.9003,50.2788,73.72,89,3,5.86,MG,1609884713
289,Kaura Namoda,12.5898,6.5779,77.65,17,0,8.7,NG,1609884713
290,São Filipe,14.8961,-24.4956,74.95,75,100,6.26,CV,1609884713
291,Raudeberg,61.9875,5.1352,33.01,77,12,5.26,NO,1609884713
292,Eureka,40.8021,-124.1637,57.99,51,100,3.0,US,1609884713
293,Ballina,-28.8667,153.5667,81.0,83,33,1.48,AU,1609884713
294,Oyama,36.3,139.8,44.01,80,75,16.11,JP,1609884713
295,Mbandaka,0.0487,18.2603,74.53,85,86,1.7,CD,1609884714
296,Agirish,61.9247,63.0231,-13.41,90,97,6.06,RU,1609884714
297,Bubaque,11.2833,-15.8333,80.76,69,45,9.86,GW,1609884714
298,Sangmélima,2.9333,11.9833,71.92,84,26,3.96,CM,1609884588
299,Luzhou,28.8724,105.4405,46.42,69,98,1.63,CN,1609884714
300,Yerbogachën,61.2767,108.0108,-19.35,87,100,8.14,RU,1609884714
301,Rocha,-34.4833,-54.3333,74.26,73,95,17.07,UY,1609884714
302,Tiznit Province,29.5833,-9.5,56.82,86,50,2.1,MA,1609884714
303,Lensk,60.7253,114.9278,-23.67,80,100,13.6,RU,1609884714
304,Aden,12.7794,45.0367,76.01,73,60,12.82,YE,1609884489
305,Grimstad,58.3405,8.5934,27.0,85,55,3.36,NO,1609884714
306,Sinfra,6.6167,-5.9167,75.2,83,0,4.38,CI,1609884714
307,Acapulco de Juárez,16.8634,-99.8901,84.2,74,20,10.29,MX,1609884714
308,Erzin,36.9559,36.2,55.99,48,58,5.99,TR,1609884714
309,Fort Nelson,58.8053,-122.7002,-7.6,76,75,1.97,CA,1609884714
310,Port Hedland,-20.3167,118.5667,78.8,54,90,14.99,AU,1609884715
311,Hambantota,6.1241,81.1185,73.4,100,0,3.36,LK,1609884715
312,Le Port,-20.9373,55.2919,77.0,69,75,17.22,RE,1609884715
313,Ergani,38.2653,39.7621,33.8,64,0,3.36,TR,1609884715
314,Clemmons,36.0215,-80.382,50.0,65,82,9.55,US,1609884607
315,Perivoli,39.4206,20.0147,57.2,67,40,5.82,GR,1609884715
316,Moosomin,50.1333,-101.6677,29.84,97,100,11.83,CA,1609884715
317,Manaure,11.7751,-72.4445,83.19,57,73,12.64,CO,1609884715
318,Alberton,46.8168,-64.0654,32.0,92,91,25.28,CA,1609884715
319,Prieska,-29.6641,22.7474,76.26,58,97,3.18,ZA,1609884715
320,Helena,46.5927,-112.0361,43.0,38,1,19.46,US,1609884470
321,Uíge,-7.6087,15.0613,66.67,93,79,2.46,AO,1609884715
322,Karasjok,69.4719,25.5112,21.2,79,0,12.75,NO,1609884716
323,Bojnourd,37.4747,57.329,32.0,94,90,6.93,IR,1609884716
324,Balsas,-7.5325,-46.0356,81.79,60,86,3.65,BR,1609884509
325,Xai-Xai,-25.0519,33.6442,77.58,81,100,3.62,MZ,1609884716
326,Patan,27.6667,85.3333,48.2,93,75,2.24,NP,1609884717
327,Brownsville,25.9018,-97.4975,82.4,39,1,17.22,US,1609884422
328,Marsá Maţrūḩ,31.3525,27.2453,62.6,77,75,8.05,EG,1609884717
329,Ambilobe,-13.2,49.05,74.44,89,72,2.01,MG,1609884717
330,Devils Lake,48.1128,-98.8651,28.99,86,1,8.05,US,1609884717
331,Klerksdorp,-26.8521,26.6667,65.37,87,100,5.7,ZA,1609884717
332,Krasnyy Kut,50.95,46.9667,12.02,93,49,9.28,RU,1609884717
333,Kokoda,-8.8785,147.7407,81.52,63,97,0.78,PG,1609884717
334,Alofi,-19.0595,-169.9187,75.2,94,90,4.7,NU,1609884717
335,Buala,-8.145,159.5921,84.61,66,100,6.73,SB,1609884717
336,Santiago del Estero,-27.7951,-64.2615,86.58,43,99,5.17,AR,1609884625
337,Simpang Empat,4.95,100.6333,77.0,88,40,10.29,MY,1609884717
338,Bacolod City,10.6667,122.95,76.8,82,93,10.65,PH,1609884669
339,Dakoro,14.5106,6.765,77.94,15,0,9.86,NE,1609884717
340,Kamphaeng Phet,16.25,99.5,72.59,65,7,3.67,TH,1609884717
341,Epe,6.5841,3.9834,79.86,85,0,6.78,NG,1609884718
342,Haapiti,-17.5667,-149.8667,84.2,66,75,3.36,PF,1609884718
343,Tuatapere,-46.1333,167.6833,63.34,68,94,3.02,NZ,1609884718
344,Lorengau,-2.0226,147.2712,84.96,73,77,9.13,PG,1609884718
345,Broome,42.2506,-75.833,34.0,92,90,4.7,US,1609884718
346,Sabang,5.8933,95.3214,81.95,79,86,19.6,ID,1609884718
347,Kangaatsiaq,68.3065,-53.4641,11.32,92,100,12.88,GL,1609884718
348,Diego de Almagro,-26.3667,-70.05,75.63,29,0,10.98,CL,1609884718
349,Dumai,1.6833,101.45,74.43,95,64,1.07,ID,1609884718
350,Kashgar,39.4547,75.9797,14.0,85,90,0.63,CN,1609884718
351,Dudinka,69.4058,86.1778,-11.2,76,90,22.37,RU,1609884718
352,Puerto Escondido,15.85,-97.0667,78.8,74,40,3.36,MX,1609884718
353,Honningsvåg,70.9821,25.9704,35.6,86,40,23.04,NO,1609884719
354,Usinsk,65.9939,57.5281,-0.45,93,97,8.77,RU,1609884719
355,Greymouth,-42.4667,171.2,64.92,89,100,6.13,NZ,1609884707
356,Pacifica,37.6138,-122.4869,55.99,81,40,3.36,US,1609884719
357,Ankazoabo,-22.2833,44.5167,73.49,84,20,4.41,MG,1609884719
358,Yangi Marg`ilon,40.4272,71.7189,23.0,79,90,6.93,UZ,1609884719
359,St. George's,12.0564,-61.7485,82.4,74,40,11.41,GD,1609884719
360,Shubarshi,48.5872,57.1869,1.45,83,78,5.48,KZ,1609884719
361,Mehamn,71.0357,27.8492,35.6,93,75,16.11,NO,1609884433
362,Kano,12.0001,8.5167,71.6,37,0,3.36,NG,1609884719
363,Jacareacanga,-6.2222,-57.7528,80.4,79,81,3.71,BR,1609884719
364,Takoradze,4.8845,-1.7554,79.65,86,99,9.35,GH,1609884719
365,Isangel,-19.55,169.2667,82.4,78,84,15.05,VU,1609884719
366,Kuusamo,65.9667,29.1833,15.8,92,90,2.24,FI,1609884719
367,Portland,45.5234,-122.6762,50.0,66,90,9.17,US,1609884235
368,Mercedes,-34.6515,-59.4307,81.0,97,80,1.99,AR,1609884720
369,Palmer,42.1584,-72.3287,37.4,64,90,11.41,US,1609884720
370,San Patricio,28.017,-97.5169,75.2,69,40,13.87,US,1609884720
371,Mount Gambier,-37.8333,140.7667,57.2,71,90,13.87,AU,1609884720
372,Point Pleasant,40.0832,-74.0682,39.99,70,90,6.93,US,1609884522
373,Calama,-22.4667,-68.9333,71.6,30,40,25.28,CL,1609884720
374,Boyolangu,-8.1181,111.8935,75.24,84,100,3.04,ID,1609884720
375,Laguna,38.421,-121.4238,57.99,81,1,6.24,US,1609884467
376,Sulangan,11.1373,123.7228,81.61,77,77,14.29,PH,1609884720
377,Benghazi,32.1167,20.0667,59.18,50,97,5.14,LY,1609884427
378,Paamiut,61.994,-49.6678,28.13,95,100,11.7,GL,1609884721
379,Pagudpud,18.5616,120.7868,75.2,78,20,6.93,PH,1609884721
380,Baculin,7.4525,126.5842,77.14,81,91,6.58,PH,1609884721
381,Nuevo Casas Grandes,30.4167,-107.9167,66.0,17,98,5.01,MX,1609884721
382,Malakal,9.5334,31.6605,77.85,23,0,6.6,SS,1609884721
383,Laas,46.6166,10.7002,36.0,79,75,2.24,IT,1609884721
384,Uyuni,-20.4597,-66.825,61.66,27,97,14.9,BO,1609884721
385,Shelburne,44.0787,-80.2041,32.0,91,100,2.91,CA,1609884469
386,Khuzhir,53.1939,107.3397,-13.47,87,100,10.98,RU,1609884721
387,Fare,-16.7,-151.0167,81.45,71,64,10.74,PF,1609884721
388,Port Blair,11.6667,92.75,78.89,83,0,9.22,IN,1609884721
389,Arlit,18.7369,7.3853,78.84,17,0,8.72,NE,1609884722
390,Caravelas,-17.7125,-39.2481,76.44,80,4,6.55,BR,1609884722
391,San Jeronimito,17.55,-101.3333,86.0,66,5,9.17,MX,1609884722
392,Kaitangata,-46.2817,169.8464,61.0,76,4,5.99,NZ,1609884722
393,Vrangel',42.7297,133.0839,5.83,82,12,9.1,RU,1609884722
394,Lázaro Cárdenas,17.9583,-102.2,82.2,63,0,9.98,MX,1609884722
395,Ajdabiya,30.7554,20.2263,57.0,47,100,7.09,LY,1609884565
396,Okakarara,-20.5833,17.4333,71.15,68,70,7.02,NA,1609884722
397,Owando,-0.4819,15.8999,74.16,82,85,3.22,CG,1609884722
398,Aklavik,68.2191,-135.0107,-16.6,75,100,3.69,CA,1609884722
399,Kortkeros,61.8106,51.5806,17.6,100,90,6.71,RU,1609884722
400,Jumla,29.2747,82.1838,38.44,72,66,4.94,NP,1609884723
401,Aksha,50.2814,113.2867,-21.87,68,10,11.63,RU,1609884723
402,Paldiski,59.3567,24.0531,30.0,81,66,11.41,EE,1609884723
403,Nyborg,55.3127,10.7896,36.0,80,100,8.05,DK,1609884723
404,Moree,-29.4667,149.85,78.8,69,40,8.05,AU,1609884723
405,Coahuayana Viejo,18.7333,-103.6833,82.4,48,40,11.41,MX,1609884723
406,Juneau,58.3019,-134.4197,41.0,65,90,14.99,US,1609884723
407,Ilongero,-4.6667,34.8667,63.07,92,100,4.59,TZ,1609884723
408,Katherine,-14.4667,132.2667,80.6,78,62,3.58,AU,1609884723
409,Bogandé,12.9714,-0.1436,78.8,17,0,8.23,BF,1609884724
410,Chinchani,19.8667,72.7,71.19,50,1,16.22,IN,1609884724
411,Almenara,-16.1836,-40.6944,74.88,87,38,3.94,BR,1609884724
412,Englewood,39.6478,-104.9878,48.99,29,75,23.04,US,1609884724
413,Atar,20.5169,-13.0499,70.92,37,100,2.06,MR,1609884724
414,Los Llanos de Aridane,28.6585,-17.9182,68.0,77,90,3.36,ES,1609884724
415,Saint Paul Harbor,57.79,-152.4072,39.2,86,90,25.28,US,1609884724
416,Middle Island,40.8843,-72.9373,39.2,60,1,5.82,US,1609884724
417,Gävle,60.6745,17.1417,26.01,92,98,1.01,SE,1609884724
418,Nakapiripirit,1.9167,34.7833,69.26,59,0,6.78,UG,1609884724
419,Luganville,-15.5333,167.1667,82.4,83,75,2.28,VU,1609884724
420,Sovetskiy,61.3614,63.5842,-14.24,90,100,5.57,RU,1609884724
421,Homer,59.6425,-151.5483,36.0,86,20,10.29,US,1609884725
422,Nador,35.174,-2.9287,50.0,87,20,1.12,MA,1609884426
423,San Miguel de Cozumel,20.5083,-86.9458,78.8,65,75,14.99,MX,1609884725
424,Sept-Îles,50.2001,-66.3821,24.8,79,97,5.82,CA,1609884568
425,Vila Velha,-20.3297,-40.2925,80.6,74,20,19.46,BR,1609884725
426,Alghero,40.5589,8.3181,44.6,81,20,8.05,IT,1609884725
427,Shimoda,34.6667,138.95,39.0,70,100,1.99,JP,1609884725
428,Sai Buri,6.7013,101.6168,77.49,87,63,13.18,TH,1609884725
429,Merauke,-8.4667,140.3333,78.4,88,98,9.22,ID,1609884725
430,Kloulklubed,7.0419,134.2556,78.8,88,75,5.82,PW,1609884725
431,Locri,38.2414,16.2623,55.4,66,100,13.87,IT,1609884725
432,Giohar,2.7809,45.5005,72.03,65,35,15.7,SO,1609884725
433,Aswān,24.0934,32.907,64.27,29,0,8.77,EG,1609884725
434,Chara,56.9064,118.2631,-35.95,69,18,0.36,RU,1609884725
435,Zhezkazgan,47.8043,67.7144,-5.37,85,0,8.61,KZ,1609884726
436,Churapcha,62.0025,132.4325,-43.29,79,100,0.58,RU,1609884726
437,Bakchar,57.0186,82.0711,-20.7,87,0,3.31,RU,1609884726
438,Florø,61.5996,5.0328,30.2,74,0,8.05,NO,1609884726
439,Douentza,14.9951,-2.9517,72.68,21,0,4.94,ML,1609884726
440,Gorahun,7.4661,-11.2375,74.21,94,10,2.08,SL,1609884726
441,Matara,5.9485,80.5353,75.2,89,44,5.59,LK,1609884670
442,Waterfoot,53.6929,-2.2525,35.01,94,100,7.11,GB,1609884726
443,Aiquile,-18.2041,-65.1807,61.65,78,100,4.72,BO,1609884726
444,Ferme-Neuve,46.7001,-75.4493,30.2,80,98,5.82,CA,1609884726
445,Adrar,20.5022,-10.0711,68.97,35,100,2.77,MR,1609884727
446,Jalu,29.0331,21.5482,56.88,61,80,6.76,LY,1609884727
447,Finschhafen,-6.6024,147.8681,83.89,68,79,2.71,PG,1609884727
448,Sciacca,37.5082,13.0881,48.0,79,100,7.0,IT,1609884727
449,College,64.8569,-147.8028,0.0,69,40,2.57,US,1609884727
450,Comodoro Rivadavia,-45.8667,-67.5,73.4,40,0,26.4,AR,1609884727
451,San Andrés,12.5847,-81.7006,84.2,62,75,6.93,CO,1609884603
452,Terre Haute,39.4667,-87.4139,37.4,74,75,5.82,US,1609884727
453,Marawi,7.9986,124.2928,73.99,91,74,5.99,PH,1609884727
454,Mwanza,-2.5167,32.9,71.6,83,75,5.64,TZ,1609884727
455,Thap Than,15.4606,99.8917,75.0,86,2,2.17,TH,1609884727
456,Talara,-4.5772,-81.2719,70.45,78,12,11.97,PE,1609884727
457,Nuuk,64.1835,-51.7216,28.4,86,75,16.11,GL,1609884671
458,Cabedelo,-6.9811,-34.8339,80.6,74,20,14.99,BR,1609884728
459,Aripuanã,-9.1667,-60.6333,78.75,90,53,2.39,BR,1609884728
460,Heraclea,37.5133,34.0467,43.47,65,43,2.59,TR,1609884728
461,Quelimane,-17.8786,36.8883,82.4,78,20,6.93,MZ,1609884728
462,Zoutleeuw,50.8332,5.1038,36.0,93,100,6.93,BE,1609884728
463,Valvedditturai,9.8167,80.1667,77.97,90,35,6.69,LK,1609884728
464,Arrondissement de Pontivy,48.0,-3.0,37.4,86,90,5.82,FR,1609884728
465,Mathbaria,22.2876,89.9593,65.25,58,2,2.48,BD,1609884728
466,Amapá,1.0,-52.0,74.08,93,87,3.85,BR,1609884728
467,Balkanabat,39.5108,54.3671,36.09,80,30,6.02,TM,1609884728
468,Aksu,41.1231,80.2644,11.7,89,100,2.64,CN,1609884728
469,Te Anau,-45.4167,167.7167,55.65,93,100,0.29,NZ,1609884729
470,Lebowakgomo,-24.2,29.5,73.4,82,0,6.93,ZA,1609884729
471,Kolondiéba,11.0882,-6.8926,79.0,18,0,4.25,ML,1609884729
472,Kisiwani,-4.1333,37.95,69.6,84,62,1.54,TZ,1609884729
473,Gao,16.6362,1.637,78.46,17,0,7.87,ML,1609884729
474,Puebla,18.8333,-98.0,68.0,32,40,14.99,MX,1609884553
475,Zhangaözen,43.3,52.8,23.52,87,0,16.75,KZ,1609884730
476,Bāndarban,22.1965,92.2262,60.71,74,7,2.26,BD,1609884559
477,Qaryat Sulūq,31.6682,20.2521,55.15,52,99,5.44,LY,1609884730
478,Burdur,37.7203,30.2908,41.0,100,40,2.24,TR,1609884730
479,Flinders,-34.5833,150.8552,71.01,77,78,4.0,AU,1609884730
480,Saint-Joseph,-21.3667,55.6167,77.0,73,90,5.82,RE,1609884730
481,Berezovyy,51.6667,135.7,-19.25,79,50,2.98,RU,1609884730
482,Bonavista,48.6499,-53.1147,36.0,95,100,9.17,CA,1609884730
483,Christchurch,-43.5333,172.6333,68.0,72,71,8.05,NZ,1609884539
484,Outram,1.2829,103.8379,78.8,94,75,3.36,MY,1609884730
485,Manokwari,-0.8667,134.0833,79.29,79,100,5.41,ID,1609884730
486,El Fuerte,26.4189,-108.6194,81.86,16,100,5.79,MX,1609884730
487,Tanabe,33.7333,135.3667,43.27,72,94,17.34,JP,1609884730
488,Anjiang,27.3194,110.1031,38.12,77,82,2.91,CN,1609884730
489,Nichinan,31.6,131.3667,37.4,64,75,10.29,JP,1609884730
490,Ratnagiri,16.9833,73.3,77.34,74,87,9.04,IN,1609884731
491,Qasigiannguit,68.8193,-51.1922,14.0,72,100,9.17,GL,1609884731
492,Garoowe,8.4054,48.4845,66.4,59,0,12.77,SO,1609884731
493,Vangaindrano,-23.35,47.6,74.84,90,100,7.58,MG,1609884731
494,Ishigaki,24.3448,124.1572,62.6,88,75,17.22,JP,1609884496
495,Tonstad,58.6626,6.7169,27.0,82,0,5.1,NO,1609884731
496,Harper,4.375,-7.7169,79.27,84,84,9.95,LR,1609884731
497,Vallenar,-28.5708,-70.7581,78.3,38,0,7.54,CL,1609884731
498,Glace Bay,46.1969,-59.957,33.01,92,90,20.8,CA,1609884731
499,Hirara,24.8,125.2833,64.4,77,75,14.99,JP,1609884731
500,Dzaoudzi,-12.7887,45.2699,78.8,88,0,4.7,YT,1609884731
501,Kolvereid,64.8655,11.6047,19.4,85,0,13.87,NO,1609884731
502,Hobyo,5.3505,48.5268,74.66,70,1,20.29,SO,1609884732
503,Mitsamiouli,-11.3847,43.2844,82.18,73,9,10.63,KM,1609884732
504,Bara,10.3744,10.7288,78.62,17,2,10.07,NG,1609884732
505,Sibolga,1.7427,98.7792,75.99,80,81,3.24,ID,1609884732
506,Batagay-Alyta,67.8006,130.4114,-18.94,81,0,1.81,RU,1609884732
507,Sovetsk,55.0839,21.8785,33.96,92,100,13.09,RU,1609884732
508,Lerwick,60.1545,-1.1494,42.8,87,90,9.17,GB,1609884732
509,Menongue,-14.6585,17.691,63.97,72,15,1.79,AO,1609884732
510,Markova,48.6758,24.4138,36.54,85,98,1.68,UA,1609884732
511,Tucumã,-0.1833,-50.05,79.72,80,97,8.28,BR,1609884732
512,Olafsvik,64.8945,-23.7142,36.36,78,78,17.34,IS,1609884732
513,Zaragoza,41.6561,-0.8773,39.0,74,75,11.41,ES,1609884649
514,Yuci,37.6803,112.7319,14.0,21,0,11.18,CN,1609884732
515,Tura,25.5198,90.2201,61.72,52,100,2.06,IN,1609884732
516,Marshall,34.3834,-86.3333,50.0,67,1,8.05,US,1609884732
517,Selishche,56.8879,33.2691,29.35,98,100,5.06,RU,1609884733
518,Ribeira Brava,32.65,-17.0667,64.4,77,40,3.36,PT,1609884733
519,Asekeyevo,53.5742,52.7972,6.55,94,100,6.38,RU,1609884733
520,Assiut,27.181,31.1837,57.2,76,0,4.7,EG,1609884733
521,Nānākuli,21.3906,-158.1547,80.6,57,75,9.17,US,1609884733
522,Songea,-10.6833,35.65,69.8,83,75,5.82,TZ,1609884733
523,Oddur,4.1213,43.8894,73.58,38,95,16.98,SO,1609884733
524,Caxito,-8.5785,13.6643,78.8,78,75,11.41,AO,1609884733
525,Port Hardy,50.6996,-127.4199,41.0,93,90,32.21,CA,1609884733
526,Paray-le-Monial,46.4546,4.1158,33.8,86,90,4.7,FR,1609884734
527,Sur,22.5667,59.5289,66.29,43,0,8.3,OM,1609884734
528,Östersund,63.1792,14.6357,15.01,92,79,0.96,SE,1609884734
529,Srednekolymsk,67.45,153.6833,-24.57,86,89,11.95,RU,1609884734
530,Bereda,43.2686,-7.5406,36.0,100,63,3.0,ES,1609884734
531,Maceió,-9.6658,-35.7353,75.2,83,0,6.93,BR,1609884547
532,Hammerfest,70.6634,23.6821,37.4,93,75,16.11,NO,1609884734
533,Champerico,14.3,-91.9167,86.0,62,75,4.7,GT,1609884734
534,Yankton,42.8711,-97.3973,39.2,64,75,12.75,US,1609884734
535,Dunedin,-45.8742,170.5036,61.2,75,0,11.68,NZ,1609884734
536,Santo Antônio do Içá,-3.1022,-67.9397,79.9,89,90,3.2,BR,1609884734
537,Cockburn Town,21.4612,-71.1419,76.98,54,0,1.81,TC,1609884734
538,Koryazhma,61.3143,47.1691,7.39,95,45,4.94,RU,1609884602
539,Bareilly,28.35,79.4167,62.69,61,18,6.04,IN,1609884735
540,Sicamous,50.8331,-118.9856,33.01,80,100,1.12,CA,1609884735
541,Honiara,-9.4333,159.95,80.6,83,20,4.7,SB,1609884735
542,Manacapuru,-3.2997,-60.6206,77.0,83,75,3.36,BR,1609884735
543,Varniai,55.7406,22.3644,32.0,91,90,13.87,LT,1609884735
544,Lethem,3.3803,-59.7968,84.45,59,64,9.91,GY,1609884735
545,Dubbo,-32.25,148.6167,68.0,68,73,3.18,AU,1609884735
546,Payo,-3.7508,103.6372,73.8,93,99,2.24,ID,1609884735
547,Carauari,-4.8828,-66.8958,79.56,92,55,2.91,BR,1609884735
548,Mayaky,47.4408,29.5599,39.85,96,88,4.99,UA,1609884735
549,Lødingen,68.414,15.9951,41.0,86,100,23.04,NO,1609884736
550,Curup,-3.4667,102.5333,67.57,93,83,2.75,ID,1609884736
551,Kentau,43.5206,68.5094,14.85,82,25,1.86,KZ,1609884736
552,Tateyama,34.9833,139.8667,42.01,63,100,12.12,JP,1609884736
553,Turukhansk,65.8167,87.9833,-15.14,89,100,8.19,RU,1609884736
554,Chumikan,54.7183,135.315,-22.22,77,36,17.47,RU,1609884736
555,Kautokeino,69.0125,23.0412,16.57,96,99,13.13,NO,1609884736
556,Chicama,-7.8447,-79.1469,69.8,83,57,10.29,PE,1609884736
557,Grajaú,-5.8194,-46.1386,75.54,90,66,3.94,BR,1609884736
558,Lubbock,33.6001,-101.8338,61.0,26,75,19.46,US,1609884480
559,Mogzon,51.7435,111.9606,-27.26,81,99,9.98,RU,1609884736
560,Zverinogolovskoye,54.4586,64.8542,-3.75,90,100,6.13,RU,1609884736
561,Pandan,14.0453,124.1694,78.66,85,13,14.23,PH,1609884736
562,Nurota,40.5614,65.6886,19.4,92,90,4.7,UZ,1609884736
563,Yertarskiy,56.7902,64.2995,-4.23,90,100,5.79,RU,1609884736
564,Tiarei,-17.5333,-149.3333,84.2,66,75,3.36,PF,1609884736
565,Yershov,51.3513,48.2766,7.14,91,23,10.8,RU,1609884737
566,North Bend,43.4065,-124.2243,52.0,57,40,20.8,US,1609884737
567,Nouakchott,18.0858,-15.9785,75.2,47,0,10.29,MR,1609884463
568,Kasangulu,-4.5911,15.1708,82.4,69,75,16.11,CD,1609884737
569,Pierre,44.3683,-100.351,39.99,64,90,3.36,US,1609884737
570,Birin,26.8865,88.0718,49.73,81,100,2.62,NP,1609884737
571,Windsor,42.3001,-83.0165,35.6,86,90,6.93,CA,1609884702
572,Biltine,14.5333,20.9167,74.1,19,0,12.84,TD,1609884737
573,Sungai Penuh,-2.0833,101.3833,63.25,93,95,3.69,ID,1609884737
574,Nizhniy Tsasuchey,50.5167,115.1333,-18.13,73,52,16.75,RU,1609884737
575,Gushikawa,26.3544,127.8686,59.0,93,90,10.29,JP,1609884566
576,Meadow Lake,34.8014,-106.5436,57.99,23,1,3.36,US,1609884737
577,Shestakovo,56.4915,103.96,-16.19,85,100,5.06,RU,1609884737
